symbol,timeframe,direction,sweep_price,mss_price,trigger_price,sweep_depth,atr,volume_spike,mss_strength,trend,session,fvg_size,fvg_low,fvg_high,status,outcome
BTCUSD,5m,Bearish,60939.79,60925.13,60931.04,2.83947,29.54,2.8,2.27,Bullish,Asian,3.6112,60929.23,60932.85,TP Hit,1
XAUUSD,5m,Bullish,2284.52228,2284.52384,2284.52336,0.0006,0.00239,1.55,3.15,Neutral,New York,0.00051,2284.52311,2284.52362,TP Hit,1
ETHUSD,1h,Bullish,3962.96549,3982.536,3977.828,10.15451,23.54,2.43,2.98,Bullish,London,11.18997,3972.23301,3983.42299,TP Hit,1
XAUUSD,1h,Bearish,2220.2004,2220.20001,2220.20015,0.00011,0.00071,1.58,1.02,Neutral,Asian,0.0,2220.20015,2220.20015,TP Hit,1
EURUSD,15m,Bearish,1.16688,1.16411,1.16484,0.00131,0.00366,0.99,2.51,Bearish,Asian,0.00099,1.16435,1.16534,TP Hit,1
XAUUSD,15m,Bearish,2242.52626,2242.52366,2242.52449,0.00095,0.00412,0.98,3.27,Bullish,Asian,0.00248,2242.52325,2242.52573,TP Hit,1
GBPUSD,15m,Bearish,1.08571,1.08341,1.08399,0.00113,0.00293,1.96,2.38,Bullish,Asian,0.00234,1.08282,1.08516,TP Hit,1
BTCUSD,5m,Bullish,69681.77,69759.14,69734.96,29.01021,120.89,0.97,1.83,Neutral,Asian,56.86424,69706.53,69763.39,SL Hit,0
BTCUSD,5m,Bearish,65012.15,64995.61,65000.74,6.29341,25.62,2.03,3.38,Neutral,London,7.28562,64997.1,65004.38,TP Hit,1
BTCUSD,1h,Bullish,63207.38,63288.26,63264.91,34.17513,116.75,2.9,2.23,Bullish,London,0.0,63264.91,63264.91,TP Hit,1
EURUSD,1h,Bullish,1.08168,1.084,1.08305,0.00042,0.00476,2.11,0.99,Bullish,Asian,0.00303,1.08154,1.08457,TP Hit,1
XAUUSD,15m,Bearish,2329.97603,2329.97503,2329.97532,0.00042,0.00145,2.77,1.34,Neutral,New York,0.00116,2329.97474,2329.9759,TP Hit,1
XAUUSD,4h,Bullish,2213.47989,2213.48031,2213.48019,0.00018,0.00059,2.39,0.82,Bullish,Asian,8e-05,2213.48015,2213.48023,TP Hit,1
EURUSD,5m,Bullish,1.16714,1.16941,1.16883,0.0011,0.00293,3.18,2.36,Bearish,New York,0.0,1.16883,1.16883,TP Hit,1
BTCUSD,5m,Bearish,67311.78,67255.12,67268.63,29.63598,67.55,0.95,2.56,Bearish,London,9.62107,67263.82,67273.44,SL Hit,0
BTCUSD,15m,Bullish,68596.03,68642.61,68628.05,17.46324,72.81,1.55,1.47,Bullish,New York,29.86604,68613.12,68642.98,TP Hit,1
BTCUSD,5m,Bullish,60003.71,60048.31,60034.93,17.8363,66.9,3.13,3.24,Bullish,Asian,0.0,60034.93,60034.93,TP Hit,1
GBPUSD,1h,Bearish,1.18667,1.18435,1.18495,0.00112,0.003,1.22,1.6,Neutral,New York,0.00152,1.18419,1.18571,SL Hit,0
BTCUSD,5m,Bearish,62367.49,62339.22,62345.63,15.45451,32.04,1.02,1.3,Neutral,New York,18.34767,62336.46,62354.8,TP Hit,1
XAUUSD,15m,Bullish,2279.15628,2279.15842,2279.1578,0.00089,0.00313,3.32,1.35,Neutral,Asian,0.00084,2279.15738,2279.15822,TP Hit,1
EURUSD,4h,Bearish,1.2858,1.28131,1.28231,0.00249,0.00499,1.0,1.38,Bullish,Asian,0.0,1.28231,1.28231,SL Hit,0
ETHUSD,1h,Bearish,3863.55466,3766.412,3791.756,46.45466,126.72,2.45,3.47,Bullish,London,13.36594,3785.07303,3798.43897,TP Hit,1
BTCUSD,15m,Bearish,68542.8,68483.55,68506.34,13.66728,113.94,1.56,1.37,Bullish,Asian,66.2274,68473.23,68539.45,TP Hit,1
EURUSD,5m,Bullish,1.16032,1.16074,1.1606,0.00014,0.0007,1.15,3.45,Neutral,London,0.0,1.1606,1.1606,SL Hit,0
XAUUSD,5m,Bullish,2261.65041,2261.65285,2261.65226,0.00126,0.00296,2.37,1.2,Bullish,New York,0.0,2261.65226,2261.65226,SL Hit,0
BTCUSD,1h,Bullish,69236.02,69298.99,69278.31,21.62039,103.37,2.31,3.16,Neutral,Asian,64.56845,69246.03,69310.59,TP Hit,1
ETHUSD,15m,Bearish,3289.37557,3221.562,3244.186,22.56557,113.12,3.31,2.97,Bullish,Asian,75.51037,3206.43082,3281.94119,SL Hit,0
BTCUSD,4h,Bullish,66582.75,66615.51,66607.92,17.57773,37.94,1.74,3.02,Bearish,Asian,9.7144,66603.06,66612.78,TP Hit,1
EURUSD,5m,Bearish,1.19668,1.19373,1.19444,0.00153,0.00356,1.69,0.87,Bearish,New York,0.00101,1.19393,1.19494,SL Hit,0
BTCUSD,5m,Bearish,60473.46,60395.83,60419.85,29.58991,120.1,3.46,1.11,Bearish,New York,27.98992,60405.86,60433.84,TP Hit,1
XAUUSD,15m,Bearish,2333.38011,2333.37672,2333.37765,0.00153,0.00464,2.59,1.14,Bearish,Asian,0.00211,2333.37659,2333.37871,TP Hit,1
EURUSD,15m,Bullish,1.12011,1.12315,1.12244,0.00162,0.00355,2.46,1.61,Bearish,New York,0.00036,1.12226,1.12262,TP Hit,1
XAUUSD,1h,Bearish,2332.77191,2332.76965,2332.77021,0.00114,0.0028,3.39,2.79,Bearish,London,0.00084,2332.76979,2332.77063,TP Hit,1
BTCUSD,15m,Bearish,68863.54,68849.12,68855.24,2.16849,30.63,3.46,2.45,Bullish,Asian,12.82758,68848.83,68861.65,TP Hit,1
GBPUSD,4h,Bearish,1.28969,1.28928,1.28939,0.0002,0.00052,2.88,1.09,Bullish,Asian,0.00012,1.28933,1.28945,TP Hit,1
BTCUSD,15m,Bullish,66083.7,66175.4,66150.96,42.8201,122.2,3.47,2.41,Bearish,Asian,88.47257,66106.72,66195.2,SL Hit,0
XAUUSD,4h,Bearish,2247.85015,2247.84816,2247.84866,0.00098,0.00253,3.07,1.55,Bullish,New York,0.00111,2247.84811,2247.84922,TP Hit,1
EURUSD,15m,Bearish,1.15382,1.15338,1.15355,0.0001,0.00086,1.83,1.21,Bearish,London,0.0,1.15355,1.15355,TP Hit,1
GBPUSD,4h,Bullish,1.28381,1.28727,1.28648,0.00188,0.00396,0.85,3.18,Bullish,London,0.00172,1.28562,1.28734,TP Hit,1
GBPUSD,4h,Bullish,1.27928,1.28097,1.28043,0.00061,0.00269,2.61,2.95,Bearish,Asian,0.00185,1.2795,1.28136,SL Hit,0
XAUUSD,5m,Bearish,2265.47074,2265.47018,2265.47035,0.00021,0.00088,3.14,1.29,Neutral,New York,0.0,2265.47035,2265.47035,TP Hit,1
EURUSD,4h,Bearish,1.06816,1.0661,1.06663,0.00101,0.00262,0.94,3.37,Bearish,London,0.0,1.06663,1.06663,SL Hit,0
BTCUSD,5m,Bullish,62547.18,62601.24,62581.84,15.26091,96.99,2.08,1.11,Bullish,Asian,41.27155,62561.2,62602.48,TP Hit,1
XAUUSD,5m,Bullish,2318.41812,2318.42144,2318.42051,0.00145,0.00468,3.25,1.81,Bearish,Asian,0.00112,2318.41995,2318.42107,SL Hit,0
ETHUSD,5m,Bearish,3119.08727,3019.852,3044.406,50.12727,122.77,2.33,0.91,Neutral,New York,69.12748,3009.84226,3078.96974,TP Hit,1
BTCUSD,4h,Bearish,69703.3,69596.94,69625.84,48.55728,144.51,3.04,2.71,Bullish,London,88.67953,69581.5,69670.18,TP Hit,1
XAUUSD,4h,Bearish,2313.97024,2313.96915,2313.96954,0.00031,0.00195,3.32,1.55,Bearish,New York,0.00122,2313.96893,2313.97015,TP Hit,1
EURUSD,5m,Bearish,1.17951,1.17832,1.17874,0.00035,0.0021,1.56,2.41,Bearish,Asian,0.00103,1.17822,1.17925,TP Hit,1
ETHUSD,4h,Bearish,3257.94462,3178.924,3200.262,36.34462,106.69,2.13,2.94,Neutral,Asian,0.0,3200.262,3200.262,SL Hit,0
EURUSD,1h,Bearish,1.2318,1.22833,1.22932,0.00148,0.00498,1.75,2.03,Neutral,New York,0.0013,1.22867,1.22997,TP Hit,1
XAUUSD,15m,Bullish,2238.82168,2238.82502,2238.82427,0.00184,0.00376,2.22,1.56,Bullish,New York,0.0,2238.82427,2238.82427,TP Hit,1
ETHUSD,1h,Bullish,3750.83624,3763.878,3758.334,1.95376,27.72,0.95,1.59,Neutral,New York,15.14922,3750.75939,3765.90861,TP Hit,1
BTCUSD,1h,Bearish,60681.38,60630.35,60641.89,27.95415,57.7,1.48,3.13,Bearish,London,0.0,60641.89,60641.89,TP Hit,1
XAUUSD,5m,Bullish,2355.13857,2355.13906,2355.13889,0.00014,0.00088,2.31,1.92,Bullish,New York,0.00047,2355.13866,2355.13913,TP Hit,1
GBPUSD,1h,Bearish,1.21635,1.21381,1.21446,0.00124,0.00324,3.36,1.36,Bearish,New York,0.0,1.21446,1.21446,TP Hit,1
ETHUSD,5m,Bullish,3430.8511,3483.258,3468.644,23.1789,73.07,1.59,1.42,Bullish,London,43.26411,3447.01194,3490.27605,TP Hit,1
EURUSD,15m,Bearish,1.25626,1.25559,1.25583,0.0002,0.00117,1.18,0.96,Bullish,New York,0.0006,1.25553,1.25613,SL Hit,0
GBPUSD,5m,Bearish,1.15931,1.15611,1.15706,0.0013,0.00474,2.13,1.02,Neutral,London,0.0,1.15706,1.15706,TP Hit,1
EURUSD,5m,Bullish,1.05858,1.0613,1.06068,0.00148,0.00309,3.5,2.62,Bullish,New York,0.0,1.06068,1.06068,TP Hit,1
GBPUSD,4h,Bearish,1.09223,1.08855,1.08938,0.00202,0.00416,2.07,1.9,Bullish,New York,0.00072,1.08902,1.08974,TP Hit,1
GBPUSD,1h,Bearish,1.2148,1.21365,1.21404,0.00038,0.00192,3.42,1.89,Neutral,Asian,0.00152,1.21328,1.2148,TP Hit,1
GBPUSD,5m,Bullish,1.12133,1.12311,1.12256,0.00068,0.00274,0.94,1.52,Neutral,London,0.0,1.12256,1.12256,SL Hit,0
GBPUSD,5m,Bullish,1.25965,1.26183,1.26109,0.0007,0.00369,0.84,1.9,Neutral,New York,0.0,1.26109,1.26109,TP Hit,1
BTCUSD,15m,Bearish,65526.71,65480.15,65496.4,14.05787,81.24,3.05,3.45,Neutral,London,0.0,65496.4,65496.4,TP Hit,1
XAUUSD,15m,Bullish,2331.98746,2331.98977,2331.98896,0.00069,0.00404,0.81,2.76,Bearish,London,0.00204,2331.98794,2331.98998,SL Hit,0
GBPUSD,4h,Bearish,1.14677,1.14486,1.1453,0.00103,0.0022,3.15,3.45,Bearish,New York,0.0,1.1453,1.1453,SL Hit,0
GBPUSD,5m,Bearish,1.06018,1.05759,1.05842,0.00093,0.00415,2.59,3.02,Neutral,London,0.00185,1.05749,1.05934,TP Hit,1
XAUUSD,1h,Bullish,2293.89716,2293.89914,2293.89863,0.00096,0.00256,1.91,2.57,Bearish,Asian,0.0,2293.89863,2293.89863,SL Hit,0
EURUSD,4h,Bullish,1.06668,1.06799,1.06755,0.00043,0.00221,2.74,2.85,Bearish,New York,0.00028,1.06741,1.06769,TP Hit,1
EURUSD,15m,Bullish,1.13074,1.13256,1.13182,0.00035,0.00367,1.25,1.61,Bearish,Asian,0.0,1.13182,1.13182,TP Hit,1
EURUSD,1h,Bearish,1.11145,1.10899,1.1096,0.00124,0.00305,1.26,1.01,Bullish,Asian,0.00163,1.10878,1.11041,SL Hit,0
ETHUSD,15m,Bearish,3572.62482,3516.864,3531.732,26.02482,74.34,3.23,2.06,Neutral,London,0.0,3531.732,3531.732,TP Hit,1
EURUSD,1h,Bearish,1.1249,1.12323,1.1236,0.00093,0.00186,3.1,1.09,Neutral,London,0.00065,1.12328,1.12392,TP Hit,1
BTCUSD,4h,Bearish,69081.83,68976.91,69003.13,52.4755,131.11,3.43,3.26,Bullish,New York,89.54646,68958.36,69047.9,SL Hit,0
ETHUSD,1h,Bullish,3868.99398,3942.168,3922.784,34.40602,96.92,2.75,2.58,Neutral,Asian,52.31486,3896.62657,3948.94143,TP Hit,1
EURUSD,4h,Bullish,1.18468,1.18521,1.18503,0.00017,0.00091,2.82,1.27,Neutral,London,0.0,1.18503,1.18503,SL Hit,0
XAUUSD,1h,Bullish,2350.82949,2350.83103,2350.83067,0.00081,0.00183,2.97,2.06,Bearish,London,0.0,2350.83067,2350.83067,TP Hit,1
GBPUSD,1h,Bullish,1.14264,1.14329,1.14308,0.00023,0.00106,2.82,1.51,Bearish,Asian,0.00058,1.14279,1.14337,SL Hit,0
GBPUSD,5m,Bearish,1.06221,1.06,1.06067,0.00087,0.00336,2.69,2.55,Neutral,Asian,0.0,1.06067,1.06067,TP Hit,1
GBPUSD,5m,Bullish,1.08774,1.08965,1.08914,0.00089,0.00254,2.81,3.35,Bullish,New York,0.00157,1.08835,1.08993,TP Hit,1
BTCUSD,4h,Bearish,63689.11,63630.69,63652.02,15.75834,106.64,2.0,1.44,Bearish,Asian,83.88829,63610.08,63693.96,SL Hit,0
EURUSD,5m,Bearish,1.06465,1.06073,1.06169,0.00201,0.00477,1.05,1.37,Bearish,Asian,0.00372,1.05983,1.06355,TP Hit,1
ETHUSD,15m,Bullish,3238.97218,3314.106,3295.688,38.29782,92.09,1.43,2.89,Neutral,Asian,47.62776,3271.87412,3319.50188,SL Hit,0
ETHUSD,1h,Bullish,3251.01741,3317.89,3291.63,14.35259,131.3,1.77,2.93,Bullish,New York,14.58044,3284.33978,3298.92022,TP Hit,1
GBPUSD,5m,Bullish,1.24553,1.24693,1.24637,0.00028,0.00281,2.16,3.35,Bearish,London,0.0,1.24637,1.24637,SL Hit,0
XAUUSD,1h,Bearish,2216.15871,2216.15704,2216.15757,0.00061,0.00266,2.65,2.12,Neutral,Asian,0.0004,2216.15737,2216.15777,TP Hit,1
BTCUSD,15m,Bearish,65089.57,65018.73,65037.12,34.0646,91.95,1.83,2.41,Neutral,New York,0.0,65037.12,65037.12,TP Hit,1
BTCUSD,15m,Bearish,62577.59,62521.73,62535.31,28.68946,67.93,1.88,2.77,Bearish,Asian,21.65381,62524.48,62546.14,SL Hit,0
GBPUSD,5m,Bullish,1.21666,1.21904,1.21827,0.00084,0.00385,1.15,0.96,Bullish,Asian,0.0019,1.21732,1.21922,TP Hit,1
GBPUSD,5m,Bearish,1.26179,1.2601,1.26072,0.00045,0.0031,2.57,1.41,Neutral,London,0.0,1.26072,1.26072,TP Hit,1
EURUSD,15m,Bearish,1.09531,1.09374,1.09442,0.00021,0.00339,3.31,3.04,Neutral,New York,0.0,1.09442,1.09442,TP Hit,1
EURUSD,1h,Bearish,1.23723,1.23531,1.23592,0.0007,0.00305,1.18,2.51,Bullish,Asian,0.0,1.23592,1.23592,TP Hit,1
GBPUSD,4h,Bearish,1.23954,1.23783,1.23822,0.00093,0.00196,2.41,3.19,Bullish,London,0.0,1.23822,1.23822,TP Hit,1
BTCUSD,1h,Bearish,64318.55,64267.94,64283.54,19.41326,77.99,1.54,2.84,Neutral,London,0.0,64283.54,64283.54,TP Hit,1
XAUUSD,4h,Bearish,2251.10407,2251.10262,2251.10326,0.00017,0.0032,1.61,1.37,Bullish,Asian,0.0,2251.10326,2251.10326,TP Hit,1
BTCUSD,4h,Bearish,68640.82,68592.35,68604.99,23.18341,63.23,2.15,3.05,Bullish,Asian,9.51313,68600.23,68609.75,TP Hit,1
BTCUSD,4h,Bullish,61702.47,61746.77,61732.75,16.26252,70.1,2.53,1.58,Bearish,New York,54.42142,61705.54,61759.96,SL Hit,0
GBPUSD,1h,Bullish,1.09113,1.09329,1.09266,0.0009,0.00315,1.87,1.64,Bearish,Asian,0.00105,1.09213,1.09319,TP Hit,1
BTCUSD,15m,Bearish,61784.07,61677.33,61706.16,49.07577,144.15,1.2,1.08,Bearish,New York,0.0,61706.16,61706.16,TP Hit,1
BTCUSD,15m,Bearish,68671.8,68595.92,68619.19,29.32862,116.38,3.3,2.32,Bearish,New York,62.51529,68587.93,68650.45,TP Hit,1
ETHUSD,4h,Bullish,3421.56261,3501.096,3481.418,40.17739,98.39,2.4,1.75,Bearish,London,0.0,3481.418,3481.418,TP Hit,1
EURUSD,1h,Bullish,1.25173,1.25356,1.25301,0.00072,0.00278,2.3,2.94,Neutral,Asian,0.00115,1.25243,1.25358,TP Hit,1
EURUSD,4h,Bullish,1.11101,1.11376,1.11285,0.00093,0.00455,2.73,2.16,Bullish,London,0.0,1.11285,1.11285,TP Hit,1
GBPUSD,15m,Bearish,1.19091,1.18789,1.18869,0.00142,0.00399,0.94,2.5,Bearish,London,0.00132,1.18803,1.18935,TP Hit,1
EURUSD,15m,Bearish,1.22809,1.22536,1.22628,0.00088,0.00463,2.57,2.59,Bullish,New York,0.0,1.22628,1.22628,TP Hit,1
XAUUSD,4h,Bearish,2203.64848,2203.64421,2203.64516,0.00237,0.00476,3.26,1.05,Bullish,New York,0.00217,2203.64408,2203.64624,TP Hit,1
ETHUSD,1h,Bearish,3756.5988,3678.64,3708.64,17.9588,150.0,1.6,2.93,Bullish,Asian,71.67593,3672.80203,3744.47797,TP Hit,1
EURUSD,15m,Bearish,1.14227,1.13962,1.14035,0.0012,0.00362,3.24,2.75,Bullish,Asian,0.0,1.14035,1.14035,SL Hit,0
GBPUSD,1h,Bearish,1.1621,1.15821,1.15918,0.00195,0.00485,3.24,1.32,Bullish,New York,0.00242,1.15797,1.16039,SL Hit,0
GBPUSD,4h,Bullish,1.26092,1.26212,1.2618,0.00055,0.00163,3.16,2.3,Bullish,New York,0.0,1.2618,1.2618,SL Hit,0
EURUSD,5m,Bullish,1.05638,1.05713,1.0569,0.00029,0.00116,3.36,1.4,Bearish,London,0.0004,1.0567,1.0571,TP Hit,1
XAUUSD,1h,Bullish,2257.37558,2257.37613,2257.37601,0.0003,0.00063,3.07,2.55,Bearish,Asian,0.00012,2257.37595,2257.37607,SL Hit,0
ETHUSD,4h,Bearish,3431.26105,3368.522,3395.886,8.01105,136.82,1.38,1.2,Neutral,Asian,71.99688,3359.88756,3431.88444,SL Hit,0
ETHUSD,1h,Bullish,2988.42903,3043.952,3030.196,28.01097,68.78,2.03,1.1,Bullish,Asian,35.6086,3012.3917,3048.0003,TP Hit,1
ETHUSD,15m,Bearish,3989.85345,3936.222,3955.436,15.20345,96.07,1.92,2.59,Bearish,Asian,0.0,3955.436,3955.436,TP Hit,1
XAUUSD,5m,Bearish,2325.6522,2325.64943,2325.65041,0.00081,0.00491,0.84,2.93,Bearish,Asian,0.00301,2325.64891,2325.65192,SL Hit,0
EURUSD,15m,Bullish,1.08227,1.08507,1.08439,0.00144,0.00339,2.65,3.45,Bearish,New York,0.00077,1.084,1.08478,SL Hit,0
GBPUSD,5m,Bearish,1.06002,1.05736,1.05826,0.00086,0.00449,1.64,1.88,Bullish,Asian,0.00194,1.05729,1.05923,SL Hit,0
EURUSD,1h,Bullish,1.09569,1.09834,1.09752,0.00101,0.0041,1.88,1.99,Neutral,London,0.00138,1.09683,1.09821,SL Hit,0
EURUSD,1h,Bullish,1.21388,1.21651,1.21587,0.00135,0.00321,2.27,1.67,Neutral,London,0.0,1.21587,1.21587,TP Hit,1
XAUUSD,4h,Bullish,2396.00516,2396.00574,2396.0056,0.0003,0.00069,1.75,3.5,Neutral,London,0.0,2396.0056,2396.0056,SL Hit,0
BTCUSD,4h,Bearish,60722.66,60630.28,60651.31,50.32675,105.12,1.19,2.44,Neutral,New York,13.07265,60644.77,60657.85,SL Hit,0
EURUSD,1h,Bearish,1.15121,1.14809,1.1488,0.0017,0.00356,1.8,2.86,Neutral,Asian,0.00168,1.14796,1.14964,TP Hit,1
ETHUSD,5m,Bullish,3428.36759,3478.218,3462.244,17.90241,79.87,2.32,1.51,Neutral,Asian,0.0,3462.244,3462.244,SL Hit,0
EURUSD,4h,Bullish,1.12875,1.13091,1.13041,0.00115,0.00253,2.0,1.04,Bullish,Asian,0.00175,1.12953,1.13128,TP Hit,1
BTCUSD,1h,Bearish,69891.25,69807.59,69829.46,39.91989,109.34,1.27,1.78,Bullish,New York,0.0,69829.46,69829.46,SL Hit,0
ETHUSD,4h,Bullish,3374.69882,3434.208,3416.184,23.46118,90.12,3.45,1.15,Bearish,New York,13.15965,3409.60418,3422.76382,SL Hit,0
GBPUSD,4h,Bearish,1.25742,1.25649,1.25687,0.00016,0.00193,2.06,2.2,Neutral,Asian,0.0,1.25687,1.25687,TP Hit,1
XAUUSD,15m,Bullish,2269.20454,2269.20492,2269.20477,8e-05,0.00075,1.21,1.24,Bearish,New York,0.00045,2269.20455,2269.20499,SL Hit,0
EURUSD,5m,Bearish,1.19574,1.19446,1.19481,0.00058,0.00174,2.46,1.05,Bullish,New York,0.00089,1.19436,1.19525,TP Hit,1
XAUUSD,1h,Bullish,2299.60656,2299.60897,2299.60829,0.00105,0.00339,2.56,2.87,Bullish,Asian,0.00186,2299.60736,2299.60922,TP Hit,1
EURUSD,1h,Bearish,1.08683,1.0849,1.08541,0.00091,0.00254,1.23,1.92,Bullish,New York,0.00086,1.08498,1.08584,SL Hit,0
EURUSD,1h,Bearish,1.06281,1.06226,1.06245,0.00016,0.00098,1.13,2.01,Bullish,London,0.0,1.06245,1.06245,SL Hit,0
XAUUSD,4h,Bullish,2299.47354,2299.47555,2299.4748,0.00051,0.00375,1.23,3.49,Bullish,London,0.00268,2299.47346,2299.47614,TP Hit,1
GBPUSD,4h,Bullish,1.26159,1.26208,1.26194,0.0002,0.00073,3.18,2.57,Bullish,New York,0.00035,1.26177,1.26212,TP Hit,1
EURUSD,1h,Bearish,1.12035,1.1187,1.11932,0.00042,0.00307,2.29,1.0,Bearish,Asian,0.00195,1.11835,1.1203,SL Hit,0
XAUUSD,5m,Bullish,2208.04949,2208.05296,2208.05197,0.00149,0.00494,1.79,1.19,Bullish,London,0.00188,2208.05103,2208.05291,TP Hit,1
EURUSD,4h,Bearish,1.19896,1.19798,1.1982,0.00053,0.00113,1.66,1.86,Bullish,New York,0.00078,1.19781,1.19859,TP Hit,1
XAUUSD,4h,Bearish,2205.33116,2205.32802,2205.32872,0.00173,0.00353,2.38,2.95,Bearish,Asian,0.00205,2205.32769,2205.32975,TP Hit,1
XAUUSD,15m,Bullish,2389.63993,2389.64236,2389.6417,0.0011,0.00333,3.07,1.2,Neutral,London,0.00041,2389.6415,2389.6419,TP Hit,1
BTCUSD,4h,Bearish,67283.63,67246.9,67260.46,9.61215,67.81,2.15,2.45,Bearish,Asian,47.05091,67236.93,67283.99,TP Hit,1
XAUUSD,15m,Bearish,2344.18515,2344.18415,2344.18453,0.00024,0.00191,3.26,1.72,Neutral,London,0.00122,2344.18392,2344.18514,TP Hit,1
EURUSD,4h,Bullish,1.22551,1.22685,1.22655,0.00074,0.00151,1.6,1.58,Bullish,London,0.0,1.22655,1.22655,TP Hit,1
EURUSD,1h,Bearish,1.123,1.12103,1.12147,0.00109,0.00221,3.01,3.38,Bullish,New York,0.00067,1.12113,1.1218,TP Hit,1
EURUSD,4h,Bearish,1.23595,1.23353,1.23437,0.00073,0.00423,2.32,1.53,Neutral,London,0.0,1.23437,1.23437,TP Hit,1
BTCUSD,15m,Bullish,65478.23,65530.67,65517.1,25.29896,67.86,1.07,2.88,Bullish,Asian,0.0,65517.1,65517.1,SL Hit,0
GBPUSD,4h,Bearish,1.23499,1.23395,1.23431,0.00032,0.00179,0.96,2.88,Neutral,Asian,0.00047,1.23408,1.23455,SL Hit,0
BTCUSD,15m,Bearish,68801.64,68707.59,68737.51,34.20567,149.6,2.14,3.33,Bullish,Asian,111.93488,68681.54,68793.48,TP Hit,1
XAUUSD,5m,Bearish,2222.53015,2222.52817,2222.52876,0.0008,0.00294,3.33,3.1,Bearish,London,0.00069,2222.52842,2222.52911,TP Hit,1
GBPUSD,1h,Bullish,1.15628,1.15766,1.1573,0.00065,0.00183,1.32,2.45,Bullish,New York,0.0007,1.15695,1.15765,TP Hit,1
GBPUSD,5m,Bullish,1.23045,1.23137,1.23104,0.00027,0.00162,1.44,2.84,Bullish,London,0.0005,1.23079,1.23129,TP Hit,1
EURUSD,15m,Bullish,1.20924,1.21017,1.20992,0.00044,0.00122,3.29,3.2,Neutral,Asian,0.00071,1.20957,1.21028,SL Hit,0
EURUSD,15m,Bullish,1.21477,1.21756,1.21679,0.00125,0.00386,1.92,2.28,Bullish,London,0.00184,1.21587,1.21771,TP Hit,1
ETHUSD,5m,Bearish,3564.7264,3512.4,3524.53,28.0664,60.65,1.1,3.04,Neutral,New York,14.64757,3517.20622,3531.85379,TP Hit,1
XAUUSD,4h,Bullish,2283.08368,2283.08599,2283.08545,0.00123,0.0027,2.0,0.95,Neutral,Asian,0.0,2283.08545,2283.08545,SL Hit,0
XAUUSD,4h,Bearish,2398.82634,2398.82306,2398.8239,0.00161,0.00417,2.36,0.92,Neutral,Asian,0.0006,2398.8236,2398.8242,SL Hit,0
BTCUSD,4h,Bullish,68909.43,68927.42,68920.38,3.90519,35.2,2.53,2.77,Bearish,London,12.74672,68914.01,68926.75,TP Hit,1
GBPUSD,4h,Bullish,1.2942,1.29512,1.2949,0.00048,0.0011,1.12,3.48,Neutral,New York,0.00021,1.29479,1.295,SL Hit,0
BTCUSD,1h,Bearish,69399.05,69339.61,69356.86,24.94949,86.22,3.02,1.47,Neutral,New York,25.25856,69344.23,69369.49,SL Hit,0
BTCUSD,5m,Bearish,62450.85,62429.86,62438.6,3.50747,43.69,2.4,2.01,Neutral,Asian,31.04387,62423.08,62454.12,TP Hit,1
GBPUSD,15m,Bullish,1.12942,1.13089,1.13053,0.00075,0.0018,2.78,1.66,Bullish,Asian,0.00103,1.13001,1.13105,TP Hit,1
ETHUSD,15m,Bearish,3504.45574,3488.208,3491.914,8.83574,18.53,3.18,3.26,Bearish,London,7.39422,3488.21689,3495.61111,SL Hit,0
GBPUSD,1h,Bearish,1.16615,1.16523,1.16549,0.00039,0.00133,1.45,1.41,Bearish,Asian,0.00027,1.16535,1.16562,TP Hit,1
GBPUSD,4h,Bullish,1.06271,1.06368,1.06328,0.00017,0.00199,2.01,1.8,Bearish,Asian,0.00135,1.06261,1.06395,TP Hit,1
XAUUSD,5m,Bullish,2387.43115,2387.43315,2387.43255,0.0008,0.00301,3.15,1.7,Bullish,New York,0.00033,2387.43239,2387.43271,SL Hit,0
BTCUSD,4h,Bullish,64637.7,64705.91,64684.21,24.79741,108.53,1.45,1.67,Neutral,New York,0.0,64684.21,64684.21,SL Hit,0
EURUSD,1h,Bearish,1.12977,1.12659,1.12741,0.00154,0.00411,2.86,1.66,Neutral,London,0.0,1.12741,1.12741,TP Hit,1
ETHUSD,15m,Bullish,3789.60376,3889.708,3861.534,43.75624,140.87,1.93,1.21,Bearish,New York,51.54262,3835.76269,3887.30531,TP Hit,1
EURUSD,1h,Bearish,1.27332,1.27131,1.27183,0.00098,0.00257,1.75,1.18,Neutral,New York,0.00059,1.27154,1.27212,SL Hit,0
BTCUSD,5m,Bullish,65029.77,65104.13,65080.73,27.56481,117.01,3.07,1.42,Neutral,Asian,12.44975,65074.51,65086.95,TP Hit,1
XAUUSD,4h,Bearish,2300.44335,2300.44227,2300.44274,0.00014,0.00235,2.75,2.25,Bullish,Asian,0.0,2300.44274,2300.44274,SL Hit,0
GBPUSD,15m,Bullish,1.15112,1.15205,1.15178,0.00039,0.00136,3.0,1.52,Bullish,New York,0.00049,1.15153,1.15203,TP Hit,1
ETHUSD,1h,Bullish,2998.73797,3055.986,3032.718,10.71203,116.34,1.82,2.29,Neutral,New York,0.0,3032.718,3032.718,TP Hit,1
GBPUSD,4h,Bearish,1.28175,1.27918,1.28011,0.00071,0.00464,3.23,2.67,Neutral,Asian,0.00134,1.27944,1.28078,TP Hit,1
EURUSD,5m,Bullish,1.08939,1.09187,1.09124,0.00122,0.00314,2.72,1.88,Bearish,Asian,0.0,1.09124,1.09124,TP Hit,1
GBPUSD,1h,Bearish,1.10835,1.1066,1.10732,0.00031,0.0036,2.81,1.73,Neutral,Asian,0.0,1.10732,1.10732,TP Hit,1
XAUUSD,4h,Bearish,2332.13573,2332.13239,2332.13339,0.00135,0.00497,1.76,3.34,Bullish,New York,0.00286,2332.13196,2332.13482,TP Hit,1
XAUUSD,1h,Bullish,2201.0386,2201.03952,2201.03928,0.00044,0.00119,2.51,2.8,Neutral,Asian,0.00021,2201.03917,2201.03939,TP Hit,1
EURUSD,1h,Bullish,1.19875,1.20052,1.20001,0.00076,0.00252,1.9,0.87,Bullish,Asian,0.00042,1.1998,1.20022,TP Hit,1
GBPUSD,5m,Bearish,1.09351,1.09088,1.09163,0.00113,0.00376,3.48,1.46,Bearish,London,0.00218,1.09054,1.09272,TP Hit,1
EURUSD,4h,Bullish,1.20562,1.20722,1.20674,0.00064,0.00239,1.01,1.48,Bullish,Asian,0.0,1.20674,1.20674,TP Hit,1
ETHUSD,4h,Bullish,3428.12273,3435.0,3432.81,2.49727,10.95,3.07,1.83,Bullish,London,4.46931,3430.57534,3435.04466,SL Hit,0
XAUUSD,15m,Bearish,2338.99182,2338.99099,2338.99127,0.00027,0.0014,3.4,3.42,Bearish,New York,0.0,2338.99127,2338.99127,TP Hit,1
XAUUSD,15m,Bearish,2310.02006,2310.01892,2310.01938,0.00023,0.00227,2.32,2.4,Bearish,London,0.00131,2310.01873,2310.02004,SL Hit,0
GBPUSD,15m,Bearish,1.0903,1.08681,1.08768,0.00176,0.00432,2.62,1.18,Bearish,New York,0.0012,1.08708,1.08828,TP Hit,1
GBPUSD,5m,Bearish,1.29346,1.29095,1.29153,0.00135,0.0029,3.15,1.93,Neutral,London,0.0,1.29153,1.29153,SL Hit,0
XAUUSD,5m,Bullish,2266.31893,2266.31984,2266.31959,0.00041,0.00125,2.32,2.54,Bullish,New York,0.00097,2266.31911,2266.32008,TP Hit,1
BTCUSD,5m,Bullish,67700.32,67756.02,67739.72,23.09907,81.49,2.37,2.35,Bearish,Asian,30.46047,67724.49,67754.95,TP Hit,1
XAUUSD,15m,Bearish,2262.37921,2262.37712,2262.3776,0.00114,0.00237,1.11,3.34,Bullish,London,0.0,2262.3776,2262.3776,TP Hit,1
ETHUSD,4h,Bearish,3875.11519,3820.644,3834.912,25.93519,71.34,1.66,1.61,Bearish,Asian,12.88113,3828.47143,3841.35256,TP Hit,1
ETHUSD,15m,Bullish,3643.68326,3679.846,3668.578,13.62674,56.34,2.05,2.95,Neutral,Asian,12.98473,3662.08563,3675.07037,TP Hit,1
XAUUSD,15m,Bearish,2220.35093,2220.34894,2220.34968,0.00052,0.00367,2.83,2.98,Neutral,London,0.0,2220.34968,2220.34968,SL Hit,0
ETHUSD,1h,Bearish,3401.66962,3382.16,3387.35,9.12962,25.95,2.12,3.41,Bullish,London,9.65463,3382.52268,3392.17731,TP Hit,1
EURUSD,4h,Bullish,1.07778,1.08109,1.08017,0.00146,0.00463,2.61,1.65,Neutral,New York,0.0,1.08017,1.08017,TP Hit,1
ETHUSD,4h,Bearish,3194.97604,3137.042,3155.136,21.74604,90.47,2.11,2.25,Neutral,Asian,67.98698,3121.14251,3189.12949,TP Hit,1
EURUSD,15m,Bullish,1.21117,1.21503,1.21415,0.0021,0.00439,2.11,1.33,Bearish,London,0.00216,1.21307,1.21523,TP Hit,1
GBPUSD,4h,Bearish,1.16458,1.16407,1.1642,0.00025,0.00064,1.59,1.54,Bearish,Asian,0.00014,1.16413,1.16427,SL Hit,0
GBPUSD,5m,Bullish,1.0747,1.07646,1.07603,0.0009,0.00215,0.91,2.74,Bearish,New York,0.0017,1.07518,1.07688,SL Hit,0
ETHUSD,1h,Bullish,3786.14936,3834.22,3822.46,24.55064,58.8,1.99,3.48,Bearish,London,15.6327,3814.64365,3830.27635,TP Hit,1
EURUSD,4h,Bullish,1.29303,1.29641,1.29558,0.00172,0.00416,2.34,2.24,Neutral,Asian,0.00091,1.29512,1.29604,TP Hit,1
XAUUSD,1h,Bullish,2342.27678,2342.28096,2342.27996,0.00219,0.00497,1.14,3.14,Bullish,London,0.0,2342.27996,2342.27996,SL Hit,0
GBPUSD,4h,Bullish,1.1783,1.17984,1.17937,0.0006,0.00236,2.51,3.18,Neutral,New York,0.0,1.17937,1.17937,TP Hit,1
EURUSD,4h,Bearish,1.06734,1.06424,1.06503,0.00151,0.00398,2.77,2.04,Bearish,New York,0.0014,1.06433,1.06573,TP Hit,1
ETHUSD,4h,Bullish,3884.34555,3916.23,3905.19,9.80445,55.2,2.28,1.15,Bearish,London,35.98005,3887.19997,3923.18003,SL Hit,0
BTCUSD,5m,Bearish,69111.04,69038.02,69066.05,16.96749,140.12,2.03,3.48,Bullish,Asian,111.67366,69010.21,69121.89,SL Hit,0
EURUSD,15m,Bearish,1.23911,1.23846,1.23864,0.0003,0.00087,2.55,0.94,Bullish,New York,0.00053,1.23838,1.2389,TP Hit,1
BTCUSD,5m,Bullish,63429.11,63444.1,63439.92,6.63173,20.91,2.2,2.0,Bullish,London,0.0,63439.92,63439.92,TP Hit,1
GBPUSD,15m,Bearish,1.24373,1.24185,1.24261,0.00036,0.00379,1.65,3.18,Bullish,Asian,0.0,1.24261,1.24261,SL Hit,0
ETHUSD,15m,Bullish,3407.87732,3416.186,3413.948,3.83268,11.19,1.99,2.75,Neutral,New York,2.30471,3412.79564,3415.10036,TP Hit,1
ETHUSD,5m,Bullish,3256.35076,3313.986,3295.478,20.61924,92.54,3.4,1.65,Bullish,Asian,0.0,3295.478,3295.478,TP Hit,1
XAUUSD,1h,Bullish,2247.86778,2247.86951,2247.86887,0.00044,0.00323,1.86,2.54,Neutral,London,0.00212,2247.86781,2247.86993,TP Hit,1
ETHUSD,4h,Bullish,3613.26539,3742.204,3712.572,69.67461,148.16,1.16,3.12,Neutral,Asian,52.71366,3686.21517,3738.92883,SL Hit,0
BTCUSD,5m,Bullish,67107.59,67142.37,67134.33,18.69946,40.2,3.36,1.87,Bullish,London,0.0,67134.33,67134.33,SL Hit,0
GBPUSD,4h,Bullish,1.13159,1.13217,1.13193,0.0001,0.00119,1.01,3.29,Neutral,New York,0.00025,1.13181,1.13206,TP Hit,1
BTCUSD,1h,Bearish,67418.55,67409.7,67413.32,1.60809,18.11,1.97,2.02,Neutral,Asian,5.73187,67410.45,67416.19,SL Hit,0
BTCUSD,5m,Bullish,61253.54,61282.49,61275.9,15.77356,32.94,2.21,2.91,Neutral,Asian,7.14383,61272.33,61279.47,SL Hit,0
EURUSD,5m,Bullish,1.17461,1.17522,1.17506,0.00029,0.00079,2.36,1.01,Bearish,London,0.00028,1.17492,1.1752,TP Hit,1
EURUSD,15m,Bearish,1.06189,1.06109,1.0613,0.00039,0.00102,0.81,3.12,Bullish,New York,0.0,1.0613,1.0613,TP Hit,1
ETHUSD,15m,Bullish,3050.75036,3123.366,3100.628,27.13964,113.69,1.67,1.92,Neutral,New York,32.95652,3084.14974,3117.10626,TP Hit,1
XAUUSD,5m,Bullish,2310.61789,2310.6202,2310.61924,0.00039,0.00479,2.06,1.56,Bullish,New York,0.00158,2310.61845,2310.62003,TP Hit,1
ETHUSD,1h,Bearish,3556.04319,3528.976,3537.768,9.48319,43.96,3.42,3.49,Neutral,New York,26.93536,3524.30032,3551.23568,TP Hit,1
ETHUSD,5m,Bearish,3405.12044,3341.942,3359.106,28.85044,85.82,2.67,0.83,Bullish,Asian,54.17391,3332.01905,3386.19296,SL Hit,0
EURUSD,5m,Bullish,1.10551,1.1098,1.10884,0.00236,0.00483,1.18,1.56,Neutral,Asian,0.0,1.10884,1.10884,SL Hit,0
GBPUSD,1h,Bearish,1.21654,1.2145,1.21506,0.00093,0.00277,1.86,2.4,Neutral,Asian,0.0,1.21506,1.21506,TP Hit,1
EURUSD,1h,Bearish,1.24304,1.24175,1.24215,0.0005,0.00197,1.43,3.35,Bearish,New York,0.0,1.24215,1.24215,TP Hit,1
BTCUSD,15m,Bearish,61218.62,61172.38,61185.76,19.48192,66.91,3.4,1.36,Bearish,London,19.10318,61176.21,61195.31,TP Hit,1
EURUSD,5m,Bullish,1.29733,1.29832,1.29799,0.00034,0.00162,2.19,2.63,Bearish,Asian,0.0,1.29799,1.29799,TP Hit,1
GBPUSD,4h,Bullish,1.0991,1.10116,1.10034,0.00043,0.00407,0.97,2.91,Bullish,London,0.0,1.10034,1.10034,TP Hit,1
BTCUSD,1h,Bullish,61212.44,61240.36,61232.82,12.84076,37.69,2.99,1.05,Bullish,Asian,25.10987,61220.27,61245.37,SL Hit,0
BTCUSD,15m,Bearish,64477.77,64428.33,64444.22,17.65826,79.46,1.95,1.76,Neutral,London,23.24104,64432.6,64455.84,TP Hit,1
XAUUSD,15m,Bearish,2249.82979,2249.82849,2249.82902,0.00024,0.00266,1.83,1.93,Bearish,London,0.00175,2249.82814,2249.8299,SL Hit,0
XAUUSD,5m,Bearish,2205.21341,2205.21098,2205.21179,0.00082,0.00402,2.33,1.67,Neutral,London,0.0,2205.21179,2205.21179,TP Hit,1
BTCUSD,1h,Bullish,62392.75,62435.55,62423.54,18.78021,60.04,1.43,1.23,Bearish,New York,0.0,62423.54,62423.54,SL Hit,0
BTCUSD,15m,Bearish,67016.58,66991.75,66998.68,10.97136,34.65,2.98,2.68,Bearish,Asian,4.14915,66996.61,67000.75,SL Hit,0
XAUUSD,15m,Bullish,2383.57899,2383.58032,2383.57978,0.00025,0.00271,1.43,1.39,Bearish,New York,0.00027,2383.57965,2383.57991,TP Hit,1
ETHUSD,1h,Bullish,3956.45636,3965.788,3963.174,4.10364,13.07,3.28,2.89,Bearish,Asian,9.18126,3958.58337,3967.76463,TP Hit,1
GBPUSD,5m,Bearish,1.29277,1.29171,1.29195,0.00058,0.00121,2.94,3.39,Bearish,London,0.00027,1.29181,1.29208,TP Hit,1
XAUUSD,1h,Bullish,2340.40085,2340.40257,2340.40213,0.00084,0.0022,1.6,1.28,Neutral,New York,0.0,2340.40213,2340.40213,TP Hit,1
XAUUSD,5m,Bullish,2349.06795,2349.07061,2349.06964,0.00072,0.00485,2.33,3.33,Neutral,London,0.0,2349.06964,2349.06964,TP Hit,1
EURUSD,15m,Bullish,1.11303,1.11596,1.11506,0.00113,0.00449,1.52,1.47,Neutral,New York,0.0,1.11506,1.11506,TP Hit,1
BTCUSD,5m,Bearish,68296.65,68260.57,68274.32,8.5836,68.75,1.92,3.18,Bearish,New York,24.9386,68261.85,68286.79,TP Hit,1
XAUUSD,15m,Bullish,2232.18086,2232.18116,2232.18103,4e-05,0.00065,1.51,1.08,Bearish,Asian,0.00047,2232.1808,2232.18127,TP Hit,1
BTCUSD,1h,Bearish,63335.17,63282.79,63296.87,24.22372,70.39,2.44,1.97,Neutral,Asian,0.0,63296.87,63296.87,SL Hit,0
GBPUSD,1h,Bearish,1.07258,1.071,1.07146,0.00067,0.00227,2.13,0.95,Bearish,Asian,0.0,1.07146,1.07146,SL Hit,0
XAUUSD,4h,Bullish,2378.97385,2378.97685,2378.97617,0.00165,0.00337,2.08,1.11,Bullish,Asian,0.00145,2378.97545,2378.97689,TP Hit,1
XAUUSD,4h,Bullish,2212.32745,2212.32887,2212.32837,0.00042,0.00251,2.06,1.41,Bearish,London,0.0,2212.32837,2212.32837,SL Hit,0
BTCUSD,5m,Bearish,65401.15,65296.78,65325.96,46.01349,145.9,2.29,3.07,Neutral,London,57.34489,65297.29,65354.63,SL Hit,0
GBPUSD,15m,Bearish,1.08714,1.08512,1.08599,0.00028,0.00434,2.34,2.2,Bearish,Asian,0.00342,1.08428,1.0877,SL Hit,0
GBPUSD,15m,Bullish,1.11328,1.11543,1.11495,0.00119,0.00241,1.98,3.49,Bullish,Asian,0.00165,1.11413,1.11578,SL Hit,0
BTCUSD,5m,Bearish,67042.13,66969.2,66986.66,38.01313,87.29,2.2,3.28,Neutral,London,0.0,66986.66,66986.66,TP Hit,1
